epoch,time,train/box_loss,train/cls_loss,train/dfl_loss,metrics/precision(B),metrics/recall(B),metrics/mAP50(B),metrics/mAP50-95(B),val/box_loss,val/cls_loss,val/dfl_loss,lr/pg0,lr/pg1,lr/pg2
1,271.061,1.41062,7.86982,0.96698,0,0,0,0,1.13075,6.47201,0.84264,6.91316e-05,6.91316e-05,6.91316e-05
2,581.271,1.35452,7.32093,0.87992,0.00857,0.03527,0.0076,0.00535,1.13815,6.16625,0.83482,0.000137357,0.000137357,0.000137357
3,907.325,1.31919,6.43265,0.86233,0.0192,0.24144,0.02845,0.02186,1.08827,5.75278,0.83044,0.000202771,0.000202771,0.000202771
4,1354.07,1.27934,6.21818,0.8655,0.01441,0.46593,0.0281,0.02231,0.97266,5.46302,0.82228,0.000200348,0.000200348,0.000200348
4,435.997,1.22511,6.27279,0.87205,0.00892,0.40175,0.02079,0.01566,0.99269,5.6269,0.84495,0.000200348,0.000200348,0.000200348
5,1817.29,1.27929,5.98941,0.84732,0.01967,0.53955,0.03278,0.02562,0.94521,5.26246,0.82003,0.00019613,0.00019613,0.00019613
5,857.428,1.15943,5.90765,0.86596,0.01401,0.45196,0.02549,0.0196,0.99515,5.37542,0.84054,0.00019613,0.00019613,0.00019613
